,Currency,Name,Units per CHF,CHF per unit,Date
1,EUR,Euro,0.96448885726768,1.0368186137815216,2022-01-01
1,EUR,Euro,0.9648868027675714,1.0363910016508815,2022-01-02
1,EUR,Euro,0.9641004131832211,1.0372363566345202,2022-01-03
1,EUR,Euro,0.9670758070816562,1.034045100370879,2022-01-04
1,EUR,Euro,0.9631398038070318,1.0382708678919403,2022-01-05
1,EUR,Euro,0.961769656303597,1.0397499998527038,2022-01-06
1,EUR,Euro,0.9579836108101712,1.0438591941612605,2022-01-07
1,EUR,Euro,0.9583506332710036,1.043459424226434,2022-01-08
1,EUR,Euro,0.9579339857138476,1.0439132705525689,2022-01-09
1,EUR,Euro,0.9541564519418528,1.0480461542390125,2022-01-10
1,EUR,Euro,0.9526528902601544,1.049700274070355,2022-01-11
1,EUR,Euro,0.9576946787274928,1.0441741216822036,2022-01-12
1,EUR,Euro,0.9583269339601324,1.0434852288536445,2022-01-13
1,EUR,Euro,0.9591779549947372,1.0425594070346276,2022-01-14
1,EUR,Euro,0.9585511091662798,1.0432411902060927,2022-01-15
1,EUR,Euro,0.9581084157042936,1.0437232192193118,2022-01-16
1,EUR,Euro,0.9593892819802669,1.0423297599655366,2022-01-17
1,EUR,Euro,0.962179253960298,1.0393073804948847,2022-01-18
1,EUR,Euro,0.9625852309461368,1.03886904541127,2022-01-19
1,EUR,Euro,0.9633832390127726,1.0380085094948823,2022-01-20
1,EUR,Euro,0.9664430319956157,1.0347221376671238,2022-01-21
1,EUR,Euro,0.966584641259456,1.034570545934812,2022-01-22
1,EUR,Euro,0.96661790061086,1.0345349484714117,2022-01-23
1,EUR,Euro,0.9666938508337486,1.0344536681779093,2022-01-24
1,EUR,Euro,0.9639864512506452,1.037358978129446,2022-01-25
1,EUR,Euro,0.9622475137364032,1.039233654257005,2022-01-26
1,EUR,Euro,0.963178802250451,1.0382288290227286,2022-01-27
1,EUR,Euro,0.9636399323001072,1.0377320059922228,2022-01-28
1,EUR,Euro,0.9634886611497346,1.0378949336120844,2022-01-29
1,EUR,Euro,0.9634949553990616,1.0378881533280253,2022-01-30
1,EUR,Euro,0.958788456770848,1.042982936369458,2022-01-31
1,EUR,Euro,0.9638303695680378,1.037526966958068,2022-02-01
1,EUR,Euro,0.9633504897413504,1.0380437967789786,2022-02-02
1,EUR,Euro,0.9500257656712936,1.0526030305013827,2022-02-03
1,EUR,Euro,0.9440863759383956,1.0592251148694185,2022-02-04
1,EUR,Euro,0.943698306455012,1.0596606915153683,2022-02-05
1,EUR,Euro,0.9437991414992072,1.0595474778791585,2022-02-06
1,EUR,Euro,0.9463212464386704,1.0567236060305536,2022-02-07
1,EUR,Euro,0.947371261206012,1.0555523910731586,2022-02-08
1,EUR,Euro,0.947403184617514,1.0555168234986674,2022-02-09
1,EUR,Euro,0.9432623838480068,1.0601504068470682,2022-02-10
1,EUR,Euro,0.9474621724058914,1.055451108365307,2022-02-11
1,EUR,Euro,0.9520727925499708,1.050339856180181,2022-02-12
1,EUR,Euro,0.9513885778825828,1.051095234110974,2022-02-13
1,EUR,Euro,0.95453609648189,1.04762931824755,2022-02-14
1,EUR,Euro,0.9503557216881282,1.0522375750247372,2022-02-15
1,EUR,Euro,0.9530569946569768,1.0492551920884006,2022-02-16
1,EUR,Euro,0.9562794177249534,1.04571946385614,2022-02-17
1,EUR,Euro,0.958499268617488,1.043297614031956,2022-02-18
1,EUR,Euro,0.958574647771364,1.0432155725429917,2022-02-19
1,EUR,Euro,0.9583448299936004,1.0434657429170644,2022-02-20
1,EUR,Euro,0.9630562151974852,1.038360984768619,2022-02-21
1,EUR,Euro,0.9575407182548966,1.0443420117135955,2022-02-22
1,EUR,Euro,0.962791753367201,1.0386462041273925,2022-02-23
1,EUR,Euro,0.9679032479471752,1.0331611161765382,2022-02-24
1,EUR,Euro,0.95772585049701,1.0441401362206648,2022-02-25
1,EUR,Euro,0.9585102489173968,1.0432856624428009,2022-02-26
1,EUR,Euro,0.958644498614406,1.0431395594981954,2022-02-27
1,EUR,Euro,0.9706366308790124,1.0302516597734377,2022-02-28
1,EUR,Euro,0.9799020135894312,1.0205102001341426,2022-03-01
1,EUR,Euro,0.9769100549077112,1.023635691920962,2022-03-02
1,EUR,Euro,0.9826140150866148,1.0176936056747092,2022-03-03
1,EUR,Euro,0.997951976571763,1.002052226436058,2022-03-04
1,EUR,Euro,0.9977872734591472,1.0022176335574835,2022-03-05
1,EUR,Euro,0.9977981299645864,1.0022067289657997,2022-03-06
1,EUR,Euro,0.9934463706287578,1.0065968627648156,2022-03-07
1,EUR,Euro,0.9880858156421488,1.0120578437310206,2022-03-08
1,EUR,Euro,0.9751717845075414,1.025460350562744,2022-03-09
1,EUR,Euro,0.9774327938711062,1.0230882432740125,2022-03-10
1,EUR,Euro,0.9796321714654715,1.0207913022130126,2022-03-11
1,EUR,Euro,0.9793457498647062,1.0210898450706984,2022-03-12
1,EUR,Euro,0.9797858842544458,1.0206311563275234,2022-03-13
1,EUR,Euro,0.973186302225364,1.0275524816916572,2022-03-14
1,EUR,Euro,0.9678694189460816,1.0331972272550007,2022-03-15
1,EUR,Euro,0.9660807567426364,1.0351101530805045,2022-03-16
1,EUR,Euro,0.9626235629832774,1.0388276772499614,2022-03-17
1,EUR,Euro,0.9691750561215104,1.0318053417530642,2022-03-18
1,EUR,Euro,0.9699836635108104,1.0309451979640016,2022-03-19
1,EUR,Euro,0.9698531255721023,1.0310839586252964,2022-03-20
1,EUR,Euro,0.9728057077539676,1.027954494951329,2022-03-21
1,EUR,Euro,0.9729806085204696,1.0277697122048677,2022-03-22
1,EUR,Euro,0.9753135215774318,1.0253113259238336,2022-03-23
1,EUR,Euro,0.976117968665758,1.0244663371650518,2022-03-24
1,EUR,Euro,0.9778019392864762,1.0227020011125385,2022-03-25
1,EUR,Euro,0.9790382760312524,1.0214105254941823,2022-03-26
1,EUR,Euro,0.9837070763257004,1.0165627797811074,2022-03-27
1,EUR,Euro,0.9750697721282812,1.0255676348342782,2022-03-28
1,EUR,Euro,0.9678935764751366,1.0331714398206755,2022-03-29
1,EUR,Euro,0.9700428673805496,1.0308822770898207,2022-03-30
1,EUR,Euro,0.978428747530536,1.022046830210077,2022-03-31
1,EUR,Euro,0.9782063955601058,1.0222791473648212,2022-04-01
1,EUR,Euro,0.9774858954517536,1.0230326643617105,2022-04-02
1,EUR,Euro,0.9780487126726568,1.0224439611676992,2022-04-03
1,EUR,Euro,0.9826951204389414,1.0176096117718882,2022-04-04
1,EUR,Euro,0.9853661071719164,1.0148512240491852,2022-04-05
1,EUR,Euro,0.9827875587637316,1.017513898179501,2022-04-06
1,EUR,Euro,0.9831567822251124,1.0171317719405522,2022-04-07
1,EUR,Euro,0.9851661152167632,1.0150572421788715,2022-04-08
1,EUR,Euro,0.984147786791536,1.0161075535821145,2022-04-09
1,EUR,Euro,0.9835714600255008,1.0167029449736915,2022-04-10
1,EUR,Euro,0.9878076470975312,1.0123428411779292,2022-04-11
1,EUR,Euro,0.990605065962624,1.0094840359293402,2022-04-12
1,EUR,Euro,0.9859344323035734,1.014266230324833,2022-04-13
1,EUR,Euro,0.9826994731964388,1.0176051043838334,2022-04-14
1,EUR,Euro,0.9811679878295856,1.0191934637126432,2022-04-15
1,EUR,Euro,0.9806070871845426,1.0197764355050063,2022-04-16
1,EUR,Euro,0.9806201332543883,1.019762868503725,2022-04-17
1,EUR,Euro,0.9819837631125304,1.0183467767637673,2022-04-18
1,EUR,Euro,0.9773132391697522,1.0232133976303448,2022-04-19
1,EUR,Euro,0.9726675989555276,1.0281004539205612,2022-04-20
1,EUR,Euro,0.9673056027345732,1.0337994499080745,2022-04-21
1,EUR,Euro,0.966828965383808,1.0343091030614953,2022-04-22
1,EUR,Euro,0.9669360397123156,1.0341945681304023,2022-04-23
1,EUR,Euro,0.9674790104812276,1.033614155104612,2022-04-24
1,EUR,Euro,0.9747496981102008,1.025904395701536,2022-04-25
1,EUR,Euro,0.9762472210169012,1.0243307007402869,2022-04-26
1,EUR,Euro,0.9781128063035044,1.0223769626115131,2022-04-27
1,EUR,Euro,0.9794647665585886,1.0209657704315014,2022-04-28
1,EUR,Euro,0.975892499234412,1.024703029057504,2022-04-29
1,EUR,Euro,0.9735464833737054,1.0271723200464176,2022-04-30
1,EUR,Euro,0.9740280148936636,1.026664515505924,2022-05-01
1,EUR,Euro,0.972897768205054,1.027857224757487,2022-05-02
1,EUR,Euro,0.9703933121732414,1.030509987502339,2022-05-03
1,EUR,Euro,0.965096875016312,1.0361654108382623,2022-05-04
1,EUR,Euro,0.9636489494592712,1.0377222956151473,2022-05-05
1,EUR,Euro,0.9596563454718348,1.042039689226803,2022-05-06
1,EUR,Euro,0.958380014403742,1.0434274348074255,2022-05-07
1,EUR,Euro,0.9574375772699184,1.044454514571536,2022-05-08
1,EUR,Euro,0.9540984944749464,1.048109818630742,2022-05-09
1,EUR,Euro,0.9545855453457096,1.047575049586408,2022-05-10
1,EUR,Euro,0.9578161210878384,1.0440417299139333,2022-05-11
1,EUR,Euro,0.9628689200326416,1.038562964485446,2022-05-12
1,EUR,Euro,0.9591321349686373,1.0426092125801825,2022-05-13
1,EUR,Euro,0.9586473637281396,1.0431364418622524,2022-05-14
1,EUR,Euro,0.9583034459621572,1.0435108046553865,2022-05-15
1,EUR,Euro,0.9571090300824968,1.0448130448772448,2022-05-16
1,EUR,Euro,0.9562913235673676,1.045706444631936,2022-05-17
1,EUR,Euro,0.9622029663562588,1.0392817679484752,2022-05-18
1,EUR,Euro,0.9709109082693068,1.029960618922848,2022-05-19
1,EUR,Euro,0.9712209867479388,1.0296317868381586,2022-05-20
1,EUR,Euro,0.9714222849123324,1.0294184264984685,2022-05-21
1,EUR,Euro,0.9713908734753168,1.0294517143467996,2022-05-22
1,EUR,Euro,0.9696202339013096,1.0313316131785493,2022-05-23
1,EUR,Euro,0.9700880167778332,1.0308342982335974,2022-05-24
1,EUR,Euro,0.9736216722361934,1.0270929956840642,2022-05-25
1,EUR,Euro,0.9716260940930757,1.0292024947450684,2022-05-26
1,EUR,Euro,0.9752285477395684,1.0254006635858313,2022-05-27
1,EUR,Euro,0.9727915678525298,1.0279694366672334,2022-05-28
1,EUR,Euro,0.9731159321492936,1.027626788301912,2022-05-29
1,EUR,Euro,0.9690794781612584,1.0319071062132186,2022-05-30
1,EUR,Euro,0.9736282278755676,1.0270860800553976,2022-05-31
1,EUR,Euro,0.9741689548756804,1.0265159806161304,2022-06-01
1,EUR,Euro,0.9711078296430136,1.0297517633727735,2022-06-02
1,EUR,Euro,0.968594757331994,1.0324235108958384,2022-06-03
1,EUR,Euro,0.9696070222803304,1.0313456658432518,2022-06-04
1,EUR,Euro,0.969938122371868,1.0309936035451617,2022-06-05
1,EUR,Euro,0.9648686994683118,1.0364104468836508,2022-06-06
1,EUR,Euro,0.9606548830414424,1.040956557503763,2022-06-07
1,EUR,Euro,0.9549512922104724,1.0471738277721487,2022-06-08
1,EUR,Euro,0.959928125901818,1.0417446608937897,2022-06-09
1,EUR,Euro,0.9613288248879412,1.040226792446972,2022-06-10
1,EUR,Euro,0.9628033544253216,1.038633689219831,2022-06-11
1,EUR,Euro,0.9621065371440738,1.0393859322153756,2022-06-12
1,EUR,Euro,0.9615914798600932,1.0399426585450766,2022-06-13
1,EUR,Euro,0.9583446643500187,1.0434659232732653,2022-06-14
1,EUR,Euro,0.9604637583938368,1.041163699578086,2022-06-15
1,EUR,Euro,0.983185236179674,1.017102335553433,2022-06-16
1,EUR,Euro,0.9827384075482224,1.0175647886753938,2022-06-17
1,EUR,Euro,0.9817207551424176,1.018619597030859,2022-06-18
1,EUR,Euro,0.9832154806234088,1.0170710487246897,2022-06-19
1,EUR,Euro,0.9824941672415228,1.0178177472621817,2022-06-20
1,EUR,Euro,0.9812382842938993,1.0191204481178615,2022-06-21
1,EUR,Euro,0.9825833363487813,1.0177253806439848,2022-06-22
1,EUR,Euro,0.9906925705859384,1.0093948715175656,2022-06-23
1,EUR,Euro,0.9914835920254772,1.0085895601732802,2022-06-24
1,EUR,Euro,0.9879719202467931,1.0121745158002085,2022-06-25
1,EUR,Euro,0.987425054677848,1.0127350883619766,2022-06-26
1,EUR,Euro,0.9875107847998712,1.0126471684080494,2022-06-27
1,EUR,Euro,0.9924589651314072,1.0075983341715231,2022-06-28
1,EUR,Euro,1.0002924337650505,0.9997076517274556,2022-06-29
1,EUR,Euro,1.0001243232686978,0.999875692185656,2022-06-30
1,EUR,Euro,0.9982221257877246,1.0017810406785688,2022-07-01
1,EUR,Euro,0.9996129406105198,1.000387209262461,2022-07-02
1,EUR,Euro,1.0000067465207858,0.9999932535247296,2022-07-03
1,EUR,Euro,0.9979728590612718,1.0020312585861657,2022-07-04
1,EUR,Euro,1.006236997089778,0.9938016619267463,2022-07-05
1,EUR,Euro,1.0121678970310035,0.9879783807936452,2022-07-06
1,EUR,Euro,1.0114877130133804,0.9886427557491956,2022-07-07
1,EUR,Euro,1.00496885198349,0.9950557154346792,2022-07-08
1,EUR,Euro,1.0054085287891306,0.994620566034342,2022-07-09
1,EUR,Euro,1.0045535271324235,0.9954671134892912,2022-07-10
1,EUR,Euro,1.0123073630934716,0.9878422665465338,2022-07-11
1,EUR,Euro,1.012314800258232,0.9878350091739342,2022-07-12
1,EUR,Euro,1.013857504628118,0.9863319011154325,2022-07-13
1,EUR,Euro,1.0146104474150248,0.9855999438481552,2022-07-14
1,EUR,Euro,1.013815494644351,0.9863727722476786,2022-07-15
1,EUR,Euro,1.0156772502037352,0.9845647323491882,2022-07-16
1,EUR,Euro,1.0147347403476712,0.9854792195814416,2022-07-17
1,EUR,Euro,1.0078381404419106,0.9922228182012702,2022-07-18
1,EUR,Euro,1.0085183342091804,0.9915536149217752,2022-07-19
1,EUR,Euro,1.0070383335876751,0.9930108583229396,2022-07-20
1,EUR,Euro,1.011236228212749,0.9888886217688148,2022-07-21
1,EUR,Euro,1.017282337815839,0.9830112672034144,2022-07-22
1,EUR,Euro,1.0158034623493757,0.984442401571634,2022-07-23
1,EUR,Euro,1.0182018091276708,0.982123574163294,2022-07-24
1,EUR,Euro,1.0147240775420523,0.9854895750796432,2022-07-25
1,EUR,Euro,1.0260427580596647,0.974618252645812,2022-07-26
1,EUR,Euro,1.0247196876066984,0.9758766344536302,2022-07-27
1,EUR,Euro,1.0285333928578353,0.9722581755186832,2022-07-28
1,EUR,Euro,1.030221499402006,0.9706650468665736,2022-07-29
1,EUR,Euro,1.0266396140256824,0.9740516402623288,2022-07-30
1,EUR,Euro,1.0279704420043856,0.9727906164793536,2022-07-31
1,EUR,Euro,1.026365863092298,0.9743114380160098,2022-08-01
1,EUR,Euro,1.0279688785712815,0.9727920959920948,2022-08-02
1,EUR,Euro,1.0235570900382212,0.9769850746309212,2022-08-03
1,EUR,Euro,1.0227868037978542,0.9777208664471996,2022-08-04
1,EUR,Euro,1.020626382353963,0.97979046719683,2022-08-05
1,EUR,Euro,1.0212164987936312,0.9792242890526208,2022-08-06
1,EUR,Euro,1.0207920234780117,0.9796314792829498,2022-08-07
1,EUR,Euro,1.0262846471240552,0.9743885410371164,2022-08-08
1,EUR,Euro,1.026516216545686,0.974168730977368,2022-08-09
1,EUR,Euro,1.02846699817857,0.972320941528522,2022-08-10
1,EUR,Euro,1.0298827708452487,0.9709842987073924,2022-08-11
1,EUR,Euro,1.0337653277202783,0.9673375312415052,2022-08-12
1,EUR,Euro,1.035557220047428,0.9656636838997662,2022-08-13
1,EUR,Euro,1.035636072637106,0.9655901589577084,2022-08-14
1,EUR,Euro,1.0389809843192506,0.9624815228502076,2022-08-15
1,EUR,Euro,1.0339031956210412,0.9672085396731206,2022-08-16
1,EUR,Euro,1.0316963243712425,0.9692774670002248,2022-08-17
1,EUR,Euro,1.0357624301350428,0.9654723621029776,2022-08-18
1,EUR,Euro,1.038609256278543,0.9628260040576913,2022-08-19
1,EUR,Euro,1.038641797200902,0.962795838464194,2022-08-20
1,EUR,Euro,1.0381554025621027,0.9632469257801504,2022-08-21
1,EUR,Euro,1.0428503589298987,0.9589103474309882,2022-08-22
1,EUR,Euro,1.0409220000054382,0.960686775757238,2022-08-23
1,EUR,Euro,1.038324757009381,0.9630898167931916,2022-08-24
1,EUR,Euro,1.040738927922251,0.9608557661972126,2022-08-25
1,EUR,Euro,1.037261147478996,0.9640773709016702,2022-08-26
1,EUR,Euro,1.0379918276063398,0.9633987218435518,2022-08-27
1,EUR,Euro,1.03920988448866,0.9622695231503182,2022-08-28
1,EUR,Euro,1.0322260928502602,0.9687800055884316,2022-08-29
1,EUR,Euro,1.0243829829903623,0.9761973955100426,2022-08-30
1,EUR,Euro,1.019208270768743,0.9811537334226546,2022-08-31
1,EUR,Euro,1.0218770752165829,0.978591284854936,2022-09-01
1,EUR,Euro,1.0171189431701793,0.9831691826357865,2022-09-02
1,EUR,Euro,1.023992525559368,0.976569628234091,2022-09-03
1,EUR,Euro,1.0240116709269291,0.9765513698635936,2022-09-04
1,EUR,Euro,1.027525816011826,0.9732115577215736,2022-09-05
1,EUR,Euro,1.0251713950249042,0.9754466471196334,2022-09-06
1,EUR,Euro,1.025688671053825,0.9749547091834094,2022-09-07
1,EUR,Euro,1.032673712822563,0.9683600808107556,2022-09-08
1,EUR,Euro,1.0361763929615038,0.965086646243592,2022-09-09
1,EUR,Euro,1.0309180330923964,0.9700092227510532,2022-09-10
1,EUR,Euro,1.033029204738494,0.9680268432034744,2022-09-11
1,EUR,Euro,1.0374019058977848,0.963946561419302,2022-09-12
1,EUR,Euro,1.0406665927215892,0.9609225538649834,2022-09-13
1,EUR,Euro,1.0412408133479096,0.9603926269319892,2022-09-14
1,EUR,Euro,1.0420072705892636,0.9596862020305212,2022-09-15
1,EUR,Euro,1.0354765807168071,0.96573888644372,2022-09-16
1,EUR,Euro,1.034823421538534,0.9663484408897898,2022-09-17
1,EUR,Euro,1.03484046049095,0.9663325296786124,2022-09-18
1,EUR,Euro,1.0347777998905243,0.9663910456001242,2022-09-19
1,EUR,Euro,1.0389224087447757,0.962535788604462,2022-09-20
1,EUR,Euro,1.0485781366126012,0.9536723731723692,2022-09-21
1,EUR,Euro,1.0361908241167792,0.9650732053648252,2022-09-22
1,EUR,Euro,1.0483678783721495,0.9538636395009996,2022-09-23
1,EUR,Euro,1.0510057566608388,0.95146957441709,2022-09-24
1,EUR,Euro,1.0511222737928891,0.9513641038083812,2022-09-25
1,EUR,Euro,1.0471995506372158,0.9549278352836428,2022-09-26
1,EUR,Euro,1.0507681849981645,0.9516846953276824,2022-09-27
1,EUR,Euro,1.0583233920584962,0.9448907654350772,2022-09-28
1,EUR,Euro,1.044253920241178,0.9576214947500916,2022-09-29
1,EUR,Euro,1.0379214324392352,0.9634640626409308,2022-09-30
1,EUR,Euro,1.0333524883561274,0.9677239966691472,2022-10-01
1,EUR,Euro,1.0318893804628884,0.9690961249658532,2022-10-02
1,EUR,Euro,1.0267730412140514,0.973925064118946,2022-10-03
1,EUR,Euro,1.0219552162878704,0.9785164594906418,2022-10-04
1,EUR,Euro,1.029874165079106,0.9709924123819424,2022-10-05
1,EUR,Euro,1.0298418565572978,0.9710228746605256,2022-10-06
1,EUR,Euro,1.030672707382608,0.9702401090444108,2022-10-07
1,EUR,Euro,1.032264569699909,0.96874389507596,2022-10-08
1,EUR,Euro,1.031503425833008,0.9694587288378932,2022-10-09
1,EUR,Euro,1.0307262645340205,0.9701896947897106,2022-10-10
1,EUR,Euro,1.031102046762714,0.9698361118956528,2022-10-11
1,EUR,Euro,1.0338508655939995,0.9672574964914782,2022-10-12
1,EUR,Euro,1.023950562171813,0.9766096498633552,2022-10-13
1,EUR,Euro,1.021897131716191,0.9785720783075138,2022-10-14
1,EUR,Euro,1.0229037171574806,0.9776091172870824,2022-10-15
1,EUR,Euro,1.022571894782374,0.9779263493378352,2022-10-16
1,EUR,Euro,1.0208276443320676,0.9795972959316798,2022-10-17
1,EUR,Euro,1.0197701585570806,0.9806131230736794,2022-10-18
1,EUR,Euro,1.018174865921846,0.9821495633705408,2022-10-19
1,EUR,Euro,1.0175848290862453,0.9827190534060576,2022-10-20
1,EUR,Euro,1.0163445700435685,0.983918278775408,2022-10-21
1,EUR,Euro,1.0164573462231612,0.9838091128129364,2022-10-22
1,EUR,Euro,1.0165352599739126,0.9837337074029908,2022-10-23
1,EUR,Euro,1.0119065172632422,0.9882335798217368,2022-10-24
1,EUR,Euro,1.0079361819641954,0.9921263051111728,2022-10-25
1,EUR,Euro,1.006845624041821,0.9932009199043436,2022-10-26
1,EUR,Euro,1.0117630454102668,0.9883737151068837,2022-10-27
1,EUR,Euro,1.009856877464534,0.9902393322415332,2022-10-28
1,EUR,Euro,1.0075945860147075,0.9924626569851412,2022-10-29
1,EUR,Euro,1.0086239567246604,0.9914497800025835,2022-10-30
1,EUR,Euro,1.011370752195868,0.9887570881685276,2022-10-31
1,EUR,Euro,1.0133616196371884,0.9868145592074308,2022-11-01
1,EUR,Euro,1.013758053489209,0.9864286617089196,2022-11-02
1,EUR,Euro,1.0112747008348049,0.9888510007958295,2022-11-03
1,EUR,Euro,1.012576208239517,0.9875799884125438,2022-11-04
1,EUR,Euro,1.007179351610603,0.9928718240707356,2022-11-05
1,EUR,Euro,1.005707622450853,0.9943247696214692,2022-11-06
1,EUR,Euro,1.009788963887033,0.9903059310042844,2022-11-07
1,EUR,Euro,1.0071213231389404,0.9929290315125636,2022-11-08
1,EUR,Euro,1.0129087470111429,0.9872557650931209,2022-11-09
1,EUR,Euro,1.0159568713829927,0.9842937512088766,2022-11-10
1,EUR,Euro,1.0242306199442262,0.9763426132040988,2022-11-11
1,EUR,Euro,1.0242881195740137,0.97628780505224,2022-11-12
1,EUR,Euro,1.026499240850714,0.9741848412583796,2022-11-13
1,EUR,Euro,1.02665033630256,0.974041467323198,2022-11-14
1,EUR,Euro,1.0208395446326015,0.9795858764071468,2022-11-15
1,EUR,Euro,1.0185158320226142,0.9818207715182544,2022-11-16
1,EUR,Euro,1.013738113542907,0.9864480644859112,2022-11-17
1,EUR,Euro,1.0147544746944146,0.9854600545625996,2022-11-18
1,EUR,Euro,1.0140715319472462,0.986123728451162,2022-11-19
1,EUR,Euro,1.0155976210830076,0.9846419282999356,2022-11-20
1,EUR,Euro,1.019035942681252,0.9813196552899154,2022-11-21
1,EUR,Euro,1.0209134488917817,0.9795149638644848,2022-11-22
1,EUR,Euro,1.0229594740458845,0.977555832241254,2022-11-23
1,EUR,Euro,1.018178866569248,0.9821457042901496,2022-11-24
1,EUR,Euro,1.0163819387451734,0.9838821036456056,2022-11-25
1,EUR,Euro,1.0152595068778432,0.9849698458625916,2022-11-26
1,EUR,Euro,1.0176216407701266,0.9826835042965568,2022-11-27
1,EUR,Euro,1.017524161343229,0.9827776459675456,2022-11-28
1,EUR,Euro,1.0157318719049475,0.984511786682992,2022-11-29
1,EUR,Euro,1.0211008117942542,0.9793352315946392,2022-11-30
1,EUR,Euro,1.0157277204331994,0.9845158105693012,2022-12-01
1,EUR,Euro,1.014546528025215,0.98566203951875,2022-12-02
1,EUR,Euro,1.013985971003505,0.986206938356688,2022-12-03
1,EUR,Euro,1.0148303686005682,0.9853863571100864,2022-12-04
1,EUR,Euro,1.0114723638382312,0.9886577584831908,2022-12-05
1,EUR,Euro,1.0124793405126935,0.9876744739242044,2022-12-06
1,EUR,Euro,1.012575344650489,0.9875808306839332,2022-12-07
1,EUR,Euro,1.0127249207361138,0.9874349682963618,2022-12-08
1,EUR,Euro,1.0170155896884747,0.9832690965005888,2022-12-09
1,EUR,Euro,1.0145458665746854,0.9856626821379744,2022-12-10
1,EUR,Euro,1.0189193653981954,0.9814319306898228,2022-12-11
1,EUR,Euro,1.013580461943771,0.9866014959308436,2022-12-12
1,EUR,Euro,1.0150440977168322,0.985178872769497,2022-12-13
1,EUR,Euro,1.0162576073847984,0.9840024741102452,2022-12-14
1,EUR,Euro,1.0120224441907242,0.9881203779029444,2022-12-15
1,EUR,Euro,1.010676968692644,0.989435824676548,2022-12-16
1,EUR,Euro,1.0126586391385797,0.9874995989276824,2022-12-17
1,EUR,Euro,1.014368064035278,0.9858354530818724,2022-12-18
1,EUR,Euro,1.0115744391758683,0.9885579956080166,2022-12-19
1,EUR,Euro,1.015409873184837,0.9848239872471362,2022-12-20
1,EUR,Euro,1.017095460550369,0.9831918819683666,2022-12-21
1,EUR,Euro,1.0143585266908013,0.9858447222426928,2022-12-22
1,EUR,Euro,1.0089001524234174,0.9911783615038228,2022-12-23
1,EUR,Euro,1.0052275326616438,0.9947996523256756,2022-12-24
1,EUR,Euro,1.00901678388196,0.9910637919745298,2022-12-25
1,EUR,Euro,1.0086947940832445,0.9913801537053172,2022-12-26
1,EUR,Euro,1.010730158108276,0.9893837558697576,2022-12-27
1,EUR,Euro,1.0148989807873363,0.9853197401225312,2022-12-28
1,EUR,Euro,1.015196624759064,0.9850308557096802,2022-12-29
1,EUR,Euro,1.0116656863030695,0.9884688326776212,2022-12-30
1,EUR,Euro,1.0079476941765098,0.9921149736018764,2022-12-31
1,EUR,Euro,1.0106027691510595,0.9895084701183174,2023-01-01
1,EUR,Euro,1.014094343857778,0.9861015457357146,2023-01-02
1,EUR,Euro,1.010894378467508,0.9892230299232412,2023-01-03
1,EUR,Euro,1.01558689005631,0.9846523323519412,2023-01-04
1,EUR,Euro,1.0149033462637091,0.9853155018962398,2023-01-05
1,EUR,Euro,1.013246063465594,0.9869271009844456,2023-01-06
1,EUR,Euro,1.011990461560631,0.988151606150378,2023-01-07
1,EUR,Euro,1.0119422381360783,0.988198695848416,2023-01-08
1,EUR,Euro,1.012719354746435,0.9874403953209528,2023-01-09
1,EUR,Euro,1.0097525280264887,0.9903416651547786,2023-01-10
1,EUR,Euro,1.0012596371124762,0.9987419475770452,2023-01-11
1,EUR,Euro,0.994413916471386,1.0056174631469716,2023-01-12
1,EUR,Euro,0.9964150817833451,1.0035978160931072,2023-01-13
1,EUR,Euro,0.995128369749493,1.004895479215142,2023-01-14
1,EUR,Euro,0.99533194434048,1.004689948600628,2023-01-15
1,EUR,Euro,0.9978330459673213,1.0021716599199,2023-01-16
1,EUR,Euro,1.0054081498661516,0.9946209408916452,2023-01-17
1,EUR,Euro,1.0105250148866889,0.989584607276774,2023-01-18
1,EUR,Euro,1.0097188865877436,0.9903746609904588,2023-01-19
1,EUR,Euro,1.0010880969534326,0.99891308571469,2023-01-20
1,EUR,Euro,1.0000272337897138,0.9999727669519454,2023-01-21
1,EUR,Euro,1.0010723753454154,0.9989287734115676,2023-01-22
1,EUR,Euro,0.9969974423646116,1.0030116001383784,2023-01-23
1,EUR,Euro,0.9964700710958854,1.0035424334423135,2023-01-24
1,EUR,Euro,0.9972056639245118,1.0028021662697852,2023-01-25
1,EUR,Euro,0.9993095909969676,1.0006908859969448,2023-01-26
1,EUR,Euro,0.9991034773997404,1.0008973270742616,2023-01-27
1,EUR,Euro,0.9976757142710238,1.0023297006188774,2023-01-28
1,EUR,Euro,0.9990345143439832,1.0009664187194285,2023-01-29
1,EUR,Euro,0.996762965338197,1.0032475470842803,2023-01-30
1,EUR,Euro,1.0024385459471448,0.9975673860936376,2023-01-31
1,EUR,Euro,1.0012659609845658,0.9987356396463124,2023-02-01
1,EUR,Euro,1.004418593928991,0.9956008441543216,2023-02-02
1,EUR,Euro,0.9984787275240286,1.0015235902719168,2023-02-03
1,EUR,Euro,0.9979217584435164,1.0020825696392524,2023-02-04
1,EUR,Euro,1.0000538046643344,0.9999461982304518,2023-02-05
1,EUR,Euro,1.005192182685016,0.9948346368242272,2023-02-06
1,EUR,Euro,1.010970670353748,0.9891483792008434,2023-02-07
1,EUR,Euro,1.0126914290115148,0.98746762473945,2023-02-08
1,EUR,Euro,1.0109770560074265,0.9891421314240532,2023-02-09
1,EUR,Euro,1.013502743485485,0.986677151520036,2023-02-10
1,EUR,Euro,1.0124998123565394,0.9876545040265768,2023-02-11
1,EUR,Euro,1.013543003863591,0.9866379583185266,2023-02-12
1,EUR,Euro,1.013362070332624,0.98681412031907,2023-02-13
1,EUR,Euro,1.0109928602074092,0.9891266688024344,2023-02-14
1,EUR,Euro,1.0132710604590651,0.9869027538859616,2023-02-15
1,EUR,Euro,1.012365363207443,0.9877856714020062,2023-02-16
1,EUR,Euro,1.0106359419850413,0.9894759907666152,2023-02-17
